{"703jGkvtoXpxbZTG7S89UA==":"features2.jpg","Cesjxe6cW0NYFSAP4kiRig==":"features1.jpg","HUfpc9SvDwBk7sbVG2SgiA==":"features3.jpg","Vb7GgbMoe0curpGYBParsg==":"background3.jpg","wi/25ggcgcY3k1R4aTejLw==":"%E7%AD%96%E5%88%92%E8%BF%87%E7%A8%8B%E8%AE%B0%E5%BD%952-1137x724.png","x+g7/rqhw98OC5EdSpkDag==":"%E7%AD%96%E5%88%92%E8%BF%87%E7%A8%8B%E8%AE%B0%E5%BD%95-1137x724.png","LYlYONHAht+zX0dmG0jIkA==":"%E7%AD%96%E5%88%92%E8%BF%87%E7%A8%8B%E8%AE%B0%E5%BD%956-1137x724.png","sdaYKAYA9tWOqnuCwcOH2g==":"%E7%AD%96%E5%88%92%E8%BF%87%E7%A8%8B%E8%AE%B0%E5%BD%953-1137x724.png","WP7wVNadDIXiLsKOCyJmLw==":"%E7%AD%96%E5%88%92%E8%BF%87%E7%A8%8B%E8%AE%B0%E5%BD%954-1137x724.png","AOurYDNak8x1OSBxpnns+Q==":"%E7%AD%96%E5%88%92%E8%BF%87%E7%A8%8B%E8%AE%B0%E5%BD%955-1137x724.png","hamBFGqvj5GsWmJ0HcYoXw==":"%E6%9C%AA%E6%A0%87%E9%A2%98-2-100x141.png","+dRPKIrADXoxhqMkFJptGQ==":"%E6%B8%90%E5%8F%98%E8%89%B24-100x141.png","sM03N5cjM2P5P7hxnGxcRQ==":"%E6%9C%AA%E6%A0%87%E9%A2%98-2-2000x2829.png","5Y0dzo8qUQGiMDe3+S9sgw==":"%E7%BD%91%E7%AB%99%E6%8E%92%E7%89%88-6-2000x1125.png","LykaXIWHFtKBwhVY3t/SSA==":"%E4%BF%A1%E6%81%AF%E5%9B%BE%E5%BD%A2%E8%AE%BE%E8%AE%A1%E4%B8%BB%E5%9B%BE_%E7%94%BB%E6%9D%BF%201-3670x900.png","uHh3POAzh3Z5ur2GF0AhCQ==":"bf1e214d9cf40611e30cdc99a5ce004-1479x341.png","mHORW0ykdG8H6CquiAAlBA==":"background4.jpg","oE6e+KDSE5B+b+QBzqqC/Q==":"abde7fa39ac21ca35c8ceb444cfdcec-898x631.png","jvXDIz8ufR2MZtYeHbgosA==":"feb4e4963484a7719ac0363b7f84c1e-463x348.png","O9XWn3LaRiNa6aBIKVh2pQ==":"%E9%80%A0%E9%A2%9C%E6%9C%BA_%E7%94%BB%E6%9D%BF%201-1137x804.png","/ZpR+zZMG1Sv0dyXlkdSKg==":"%E9%A2%9C2-1127x797.png","DI7Olo8MCQNSawsJ5/X2/A==":"706c70788fe5712f04aa446cfb19b2e-752x521.png","xZ2mJxU0Qwk56qw0OZKu1w==":"ba328063d3e955cde0aaa165e5905d3-371x223.png","H5Oy8WNa/nqh4ISZRhzEUw==":"%E9%A3%8E%E6%A0%BC%E5%8F%82%E8%80%832-837x463.png","fajvg7DzQJxCevTQBT3Pyg==":"%E9%A3%8E%E6%A0%BC%E5%8F%82%E8%80%831-837x580.png","7s5vKliu8q+R8dEDIuBo1A==":"%E9%A3%8E%E6%A0%BC%E5%8F%82%E8%80%832_%E7%94%BB%E6%9D%BF%201-837x592.png","l6qF+z68zuBwnLmF392gRg==":"%E5%9C%BA%E6%99%AF%E8%8D%89%E5%9B%BE-837x592.png","u428Azm9cR9OWKosnsPLyg==":"%E9%A3%8E%E6%A0%BC%E5%8F%82%E8%80%831_%E7%94%BB%E6%9D%BF%201-837x592.png","rHGUAxiHzdXZLhibK9XO2A==":"%E9%A3%8E%E6%A0%BC%E5%8F%82%E8%80%833-837x546.png","AJoKpb71p9aZ+azJY4YLtQ==":"%E9%A3%8E%E6%A0%BC%E5%8F%82%E8%80%833_%E7%94%BB%E6%9D%BF%201-837x592.png","TWrkNA0eLucMZCar78cwng==":"%E6%89%8B%E6%9F%84%E8%8D%89%E7%A8%BF_%E7%94%BB%E6%9D%BF%201-1137x804.png","uYBj9tn879pyK3OQ+A40ZA==":"%E6%89%8B%E6%9F%84%E8%8D%89%E7%A8%BF2_%E7%94%BB%E6%9D%BF%201-1137x804.png","GYjlH3xgXB5X0ILmBmix+w==":"%E6%89%8B%E6%9F%84_%E7%94%BB%E6%9D%BF%201-1137x804.png","3q5M2J5nTzAbbTDMdMJg3A==":"fcd54cd8f634b35f1719b3900cf638f-1550x873.png"}